<?xml version="3.0" encoding="UTF-8" standalone="yes"?>
<addon id="plugin.video.Kirisawa"
       name="[COLOR white][B]KirisawaTv[/B][/COLOR]"
       version="3.0.0+matrix"
       provider-name="Kirisawa">
<requires>
    <import addon="xbmc.python" version="3.0.0"/>
    <import addon="script.module.requests"/>
    <import addon="script.module.simplejson"/>
	<import addon="script.module.kodi-six" />
</requires>  
<extension point="xbmc.python.pluginsource" library="default.py">
	<provides>video</provides>
</extension>   
<extension point="xbmc.addon.metadata">
	 <summary lang="en">KirisawaTV ADDON PARTICULAR </summary>
    <description lang="en">KirisawaTv </description>
    <disclaimer lang="en"></disclaimer>
	<platform>all</platform>
	<assets>
       <icon>icon.png</icon>
       <fanart>fanart.jpg</fanart>
<screenshot>resources/screenshots/home.png</screenshot>
<screenshot>resources/screenshots/movies.png</screenshot>
<screenshot>resources/screenshots/series.png</screenshot>
</assets>
	<news>news
	</news>
</extension>
</addon>