<?xml version="1.0" encoding="UTF-8" standalone="yes"?>
<addon id="repository.KirisawaTv Repo" name="KirisawaTv Repo" version="1.0" provider-name="KirisawaTv">
    <extension point="xbmc.addon.repository" name="Nome Repository">
        <dir>
            <info compressed="false">https://raw.githubusercontent.com/michelkirisawa/KirisawaTv-Repo/master/zips/addons.xml</info>
            <checksum>https://raw.githubusercontent.com/michelkirisawa/KirisawaTv-Repo/master/zips/addons.xml.md5</checksum>
            <datadir zip="true">https://raw.githubusercontent.com/michelkirisawa/KirisawaTv-Repo/master/zips/</datadir>
        </dir>
    </extension>
    <extension point="xbmc.addon.metadata">
        <summary>REPO KirisawaTv</summary>
        <description>Addon KirisawaTv</description>
        <disclaimer></disclaimer>
        <platform>all</platform>
        <assets>
            <icon>icon.png</icon>
            <fanart>fanart.jpg</fanart>
        </assets>
    </extension>
</addon>